# OpenTelemetry Metrics report: .csv, 4 fields: 
# <metric name>, <period start, nanoseconds>, <period end, nanoseconds>, <metric value>
# See CsvMetricsExporter for details.
# 
# NAME, PERIOD_START_NANOS, PERIOD_END_NANOS, VALUE
cacheStateStorage.set.counter,1785188862276000000,1785188885597000000,13
cacheStateStorage.get.counter,1785188862276000000,1785188885597000000,9
cacheStateStorage.get.duration,1785188862276000000,1785188885597000000,0
cacheStateStorage.set.duration,1785188862276000000,1785188885597000000,45
Indexes.stubs.lookups,1785188862276000000,1785188885597000000,809
Indexes.allKeys.lookups,1785188862276000000,1785188885597000000,0
Indexing.cache.totalCacheEvicted,1785188862276000000,1785188885597000000,365517
Indexing.writesQueuedMax,1785188862276000000,1785188885597000000,0
Indexes.entries.lookupDuration90PMs,1785188862276000000,1785188885597000000,0.0
Indexes.entries.lookupDurationAvgMs,1785188862276000000,1785188885597000000,0.0
Indexes.entries.lookups,1785188862276000000,1785188885597000000,0
Indexing.writer_3.totalTimeSpentWritingMs,1785188862276000000,1785188885597000000,758
Indexes.stubs.lookupDuration90PMs,1785188862276000000,1785188885597000000,0.0
Indexing.totalTimeIndexersSleptMs,1785188862276000000,1785188885597000000,0
Indexes.stubs.lookupDurationMaxMs,1785188862276000000,1785188885597000000,0.0
Indexing.writer_2.totalTimeSpentWritingMs,1785188862276000000,1785188885597000000,809
Indexing.cache.totalCacheAccesses,1785188862276000000,1785188885597000000,2975297
Indexes.entries.lookupDurationMaxMs,1785188862276000000,1785188885597000000,0.0
Indexes.allKeys.lookupDurationAvgMs,1785188862276000000,1785188885597000000,0.0
Indexes.stubs.lookupDurationAvgMs,1785188862276000000,1785188885597000000,0.0
Indexing.cache.totalCacheMisses,1785188862276000000,1785188885597000000,365517
Indexing.writer_4.totalTimeSpentWritingMs,1785188862276000000,1785188885597000000,148
Indexing.writer_5.totalTimeSpentWritingMs,1785188862276000000,1785188885597000000,59
Indexes.allKeys.lookupDurationMaxMs,1785188862276000000,1785188885597000000,0.0
Indexes.allKeys.lookupDuration90PMs,1785188862276000000,1785188885597000000,0.0
Indexing.writer_1.totalTimeSpentWritingMs,1785188862276000000,1785188885597000000,1112
Indexing.writer_0.totalTimeSpentWritingMs,1785188862276000000,1785188885597000000,1067
Indexing.writesQueuedMin,1785188862276000000,1785188885597000000,9223372036854775807
workspaceModel.mutableEntityStorage.entities.by.source.ms,1785188862276000000,1785188885597000000,0
workspaceModel.mutableEntityStorage.put.entity.ms,1785188862276000000,1785188885597000000,12
workspaceModel.mutableEntityStorage.changeLog.addReplaceEventForRemovedChild.ms,1785188862276000000,1785188885597000000,0
workspaceModel.moduleManagerBridge.build.module.graph.ms,1785188862276000000,1785188885597000000,0
workspaceModel.mutableEntityStorage.entities.ms,1785188862276000000,1785188885597000000,0
jps.module.iml.entities.serializer.load.entities.ms,1785188862276000000,1785188885597000000,0
jps.global.get.library.ms,1785188862276000000,1785188885597000000,0
jps.app.storage.content.reader.load.component.ms,1785188862276000000,1785188885597000000,0
jps.modifiable.module.model.bridge.disposing.ms,1785188862276000000,1785188885597000000,0
workspaceModel.mutableEntityStorage.apply.changes.from.ms,1785188862276000000,1785188885597000000,1
workspaceModel.mutableEntityStorage.collect.changes.ms,1785188862276000000,1785188885597000000,0
jps.artifact.entities.serializer.load.entities.ms,1785188862276000000,1785188885597000000,0
jps.facet.change.listener.process.change.events.ms,1785188862276000000,1785188885597000000,0
workspaceModel.mutableEntityStorage.modify.entity.ms,1785188862276000000,1785188885597000000,8
jps.reload.project.entities.ms,1785188862276000000,1785188885597000000,1
workspaceModel.moduleManagerBridge.load.module.ms,1785188862276000000,1785188885597000000,0
jps.project.serializers.save.ms,1785188862276000000,1785188885597000000,10
workspaceModel.load.cache.metadata.from.file.ms,1785188862276000000,1785188885597000000,0
jps.modifiable.module.model.bridge.load.module.ms,1785188862276000000,1785188885597000000,0
jps.module.iml.entities.serializer.save.entities.ms,1785188862276000000,1785188885597000000,6
workspaceModel.mutableEntityStorage.has.same.entities.ms,1785188862276000000,1785188885597000000,0
workspaceModel.global.apply.state.to.project.ms,1785188862276000000,1785188885597000000,0
workspaceModel.mutableEntityStorage.mutable.ext.mapping.ms,1785188862276000000,1785188885597000000,1
workspaceModel.global.updates.ms,1785188862276000000,1785188885597000000,0
workspaceModel.mutableEntityStorage.changeLog.addReplaceEventForNewChild.ms,1785188862276000000,1785188885597000000,2
workspaceModel.moduleBridgeLoader.loading.modules.ms,1785188862276000000,1785188885597000000,24
workspaceModel.moduleBridge.before.changed.ms,1785188862276000000,1785188885597000000,0
workspaceModel.moduleManagerBridge.get.modules.ms,1785188862276000000,1785188885597000000,0
jps.save.global.entities.ms,1785188862276000000,1785188885597000000,5
workspaceModel.global.updates.count,1785188862276000000,1785188885597000000,0
workspaceModel.mutableEntityStorage.replace.by.source.ms,1785188862276000000,1785188885597000000,1
jps.global.handle.before.change.events.ms,1785188862276000000,1785188885597000000,0
jps.global.get.libraries.ms,1785188862276000000,1785188885597000000,0
jps.modifiable.module.model.bridge.new.module.ms,1785188862276000000,1785188885597000000,17
jps.facet.change.listener.init.bridge.ms,1785188862276000000,1785188885597000000,0
workspaceModel.mutableEntityStorage.mutable.vfurl.index.ms,1785188862276000000,1785188885597000000,0
workspaceModel.orphan.listener.update.ms,1785188862276000000,1785188885597000000,2
workspaceModel.moduleManagerBridge.new.nonPersistent.module.ms,1785188862276000000,1785188885597000000,0
jps.project.serializers.load.ms,1785188862276000000,1785188885597000000,3
workspaceModel.mutableEntityStorage.add.entity.ms,1785188862276000000,1785188885597000000,18
workspaceModel.save.cache.to.file.ms,1785188862276000000,1785188885597000000,34
workspaceModel.do.save.caches.ms,1785188862276000000,1785188885597000000,42
workspaceModel.sync.entities.ms,1785188862276000000,1785188885597000000,0
workspaceModel.global.apply.state.to.project.builder.ms,1785188862276000000,1785188885597000000,1
jps.library.entities.serializer.save.entities.ms,1785188862276000000,1785188885597000000,0
jps.library.entities.serializer.load.entities.ms,1785188862276000000,1785188885597000000,0
workspaceModel.moduleManagerBridge.load.all.modules.ms,1785188862276000000,1785188885597000000,3
workspaceModel.load.cache.from.file.ms,1785188862276000000,1785188885597000000,1
jps.save.changed.project.entities.ms,1785188862276000000,1785188885597000000,10
jps.storage.jps.conf.reader.load.component.ms,1785188862276000000,1785188885597000000,1
jps.global.handle.changed.events.ms,1785188862276000000,1785188885597000000,0
jps.load.project.to.empty.storage.ms,1785188862276000000,1785188885597000000,13
jps.facet.change.listener.before.change.events.ms,1785188862276000000,1785188885597000000,0
workspaceModel.mutableEntityStorage.referrers.ms,1785188862276000000,1785188885597000000,0
workspaceModel.moduleManagerBridge.newModule.ms,1785188862276000000,1785188885597000000,41
jps.module.dependency.index.workspace.model.listener.on.changed.ms,1785188862276000000,1785188885597000000,1
workspaceModel.mutableEntityStorage.to.snapshot.ms,1785188862276000000,1785188885597000000,1
workspaceModel.mutableEntityStorage.resolve.ms,1785188862276000000,1785188885597000000,0
jps.artifact.entities.serializer.save.entities.ms,1785188862276000000,1785188885597000000,0
workspaceModel.moduleManagerBridge.create.module.instance.ms,1785188862276000000,1785188885597000000,3
workspaceModel.mutableEntityStorage.changeLog.addReplaceEventForRemovedParent.ms,1785188862276000000,1785188885597000000,0
workspaceModel.mutableEntityStorage.instances.count,1785188862276000000,1785188885597000000,32
workspaceModel.mutableEntityStorage.changeLog.addReplaceEventForNewParent.ms,1785188862276000000,1785188885597000000,0
workspaceModel.moduleBridge.facet.initialization.ms,1785188862276000000,1785188885597000000,0
jps.global.initialize.library.bridges.after.loading.ms,1785188862276000000,1785188885597000000,1
jps.app.storage.content.writer.save.component.ms,1785188862276000000,1785188885597000000,1
jps.load.initial.state.ms,1785188862276000000,1785188885597000000,11
jps.global.initialize.library.bridges.ms,1785188862276000000,1785188885597000000,1
jps.apply.loaded.storage.ms,1785188862276000000,1785188885597000000,17
workspaceModel.mutableEntityStorage.hasReferrers.ms,1785188862276000000,1785188885597000000,0
jps.modifiable.module.model.bridge.renaming.ms,1785188862276000000,1785188885597000000,0
workspaceModel.moduleBridge.update.option.ms,1785188862276000000,1785188885597000000,0
jps.global.get.library.by.name.ms,1785188862276000000,1785188885597000000,0
workspaceModel.delayed.project.synchronizer.sync.ms,1785188862276000000,1785188885597000000,0
workspaceModel.moduleManagerBridge.set.unloadedModules.ms,1785188862276000000,1785188885597000000,0
workspaceModel.mutableEntityStorage.remove.entity.ms,1785188862276000000,1785188885597000000,0
workspaceModel.workspaceFileIndexContributor.registerFileSets.ms,1785188862276000000,1785188885597000000,3
workspaceModel.workspaceFileIndexData.visitFileSets.ms,1785188862276000000,1785188885597000000,11
workspaceModel.workspaceFileIndexData.getDirectoriesByPackageName.ms,1785188862276000000,1785188885597000000,0
workspaceModel.update.unloaded.entities.ms,1785188862276000000,1785188885597000000,0
workspaceModel.updates.count,1785188862276000000,1785188885597000000,3
workspaceModel.updates.precise.ms,1785188862276000000,1785188885597000000,0
workspaceModel.loading.total.ms,1785188862276000000,1785188885597000000,16
workspaceModel.on.before.changed.ms,1785188862276000000,1785188885597000000,18
workspaceModel.cachedValueWithParameters.clear.count,1785188862276000000,1785188885597000000,0
workspaceModel.cachedValue.clear.count,1785188862276000000,1785188885597000000,2
workspaceModel.replace.project.model.ms,1785188862276000000,1785188885597000000,2
workspaceModel.cachedValue.calculated.count,1785188862276000000,1785188885597000000,17
workspaceModel.workspaceFileIndexData.getFileInfo.ms,1785188862276000000,1785188885597000000,927
workspaceModel.workspaceFileIndexData.processFileSets.ms,1785188862276000000,1785188885597000000,0
workspaceModel.workspaceFileIndexData.getPackageName.ms,1785188862276000000,1785188885597000000,0
workspaceModel.workspaceFileIndexData.markDirty.ms,1785188862276000000,1785188885597000000,0
workspaceModel.loading.from.cache.ms,1785188862276000000,1785188885597000000,14
workspaceModel.cachedValueWithParameters.calculated.count,1785188862276000000,1785188885597000000,0
workspaceModel.initializing.ms,1785188862276000000,1785188885597000000,1
workspaceModel.cachedValueWithParameters.from.cache.count,1785188862276000000,1785188885597000000,0
workspaceModel.init.bridges.ms,1785188862276000000,1785188885597000000,2
workspaceModel.cachedValueWithParameters.total.get.count,1785188862276000000,1785188885597000000,0
workspaceModel.check.recursive.update.ms,1785188862276000000,1785188885597000000,1
workspaceModel.workspaceFileIndexData.updateDirtyEntities.ms,1785188862276000000,1785188885597000000,0
workspaceModel.collect.changes.ms,1785188862276000000,1785188885597000000,1
workspaceModel.cachedValue.total.get.count,1785188862276000000,1785188885597000000,5478
workspaceModel.updates.ms,1785188862276000000,1785188885597000000,44
workspaceModel.cachedValue.from.cache.count,1785188862276000000,1785188885597000000,5461
workspaceModel.workspaceFileIndexData.onEntitiesChanged.ms,1785188862276000000,1785188885597000000,5
workspaceModel.workspaceFileIndexData.init.ms,1785188862276000000,1785188885597000000,0
workspaceModel.workspaceFileIndexData.instances.count,1785188862276000000,1785188885597000000,1
workspaceModel.entityStorageSnapshotImpl.instances.count,1785188862276000000,1785188885597000000,22
workspaceModel.on.changed.ms,1785188862276000000,1785188885597000000,31
workspaceModel.pre.handlers.ms,1785188862276000000,1785188885597000000,0
workspaceModel.full.replace.project.model.ms,1785188862276000000,1785188885597000000,15
workspaceModel.to.snapshot.ms,1785188862276000000,1785188885597000000,0
FilePageCache.disposedBuffers,1785188862276000000,1785188885597000000,145
StorageLockContext.competingThreads.avg,1785188862276000000,1785188885597000000,0.0
FilePageCache.maxRegisteredFiles,1785188862276000000,1785188885597000000,218
FilePageCache.totalPageDisposalsUs,1785188862276000000,1785188885597000000,317
DirectByteBufferAllocator.disposed,1785188862276000000,1785188885597000000,78
FilePageCache.pageHits,1785188862276000000,1785188885597000000,0
FilePageCache.uncachedFileAccess,1785188862276000000,1785188885597000000,236
DirectByteBufferAllocator.hits,1785188862276000000,1785188885597000000,27
FileChannelInterruptsRetryer.totalRetriedAttempts,1785188862276000000,1785188885597000000,0
DirectByteBufferAllocator.totalSizeOfBuffersCachedInBytes,1785188862276000000,1785188885597000000,41943040
FilePageCache.pageLoadsAboveSizeThreshold,1785188862276000000,1785188885597000000,0
FilePageCache.maxCacheSizeInBytes,1785188862276000000,1785188885597000000,123731968
DirectByteBufferAllocator.totalSizeOfBuffersAllocatedInBytes,1785188862276000000,1785188885597000000,41943040
FilePageCache.pageFastCacheHits,1785188862276000000,1785188885597000000,736458
FilePageCache.capacityInBytes,1785188862276000000,1785188885597000000,629145600
DirectByteBufferAllocator.reclaimed,1785188862276000000,1785188885597000000,67
FilePageCache.pageLoads,1785188862276000000,1785188885597000000,145
StorageLockContext.competingThreads.max,1785188862276000000,1785188885597000000,0
DirectByteBufferAllocator.misses,1785188862276000000,1785188885597000000,118
StorageLockContext.competingThreads.90P,1785188862276000000,1785188885597000000,0
FilePageCache.totalPageLoadsUs,1785188862276000000,1785188885597000000,105089
JVM.totalDirectByteBuffersBytes,1785188862276000000,1785188885597000000,41943041
JVM.GC.collections,1785188862276000000,1785188885597000000,53
JVM.newThreadsCount,1785188862276000000,1785188885597000000,405
MEM.ramBytes,1785188862276000000,1785188885597000000,2967449600
JVM.totalTimeAtSafepointsMs,1785188862276000000,1785188885597000000,418
JVM.totalCpuTimeMs,1785188862276000000,1785188885597000000,141810
JVM.totalTimeToSafepointsMs,1785188862276000000,1785188885597000000,67
JVM.usedNativeBytes,1785188862276000000,1785188885597000000,295126984
JVM.committedHeapBytes,1785188862276000000,1785188885597000000,2785017856
MEM.ramPlusSwapMinusFileMappingsBytes,1785188862276000000,1785188885597000000,2542256128
MEM.fileMappingsRamBytes,1785188862276000000,1785188885597000000,425193472
MEM.ramMinusFileMappingsBytes,1785188862276000000,1785188885597000000,2542256128
JVM.totalBytesAllocated,1785188862276000000,1785188885597000000,9884592072
JVM.GC.collectionTimesMs,1785188862276000000,1785188885597000000,388
OS.loadAverage,1785188862276000000,1785188885597000000,12.17529296875
JVM.usedHeapBytes,1785188862276000000,1785188885597000000,1005767048
JVM.totalSafepointCount,1785188862276000000,1785188885597000000,180
JVM.maxThreadCount,1785188862276000000,1785188885597000000,180
JVM.threadCount,1785188862276000000,1785188885597000000,140
JVM.maxHeapBytes,1785188862276000000,1785188885597000000,45466255360
lexer.Requirements.size.bytes,1785188862276000000,1785188885597000000,126
writeAction.max.wait.ms,1785188862276000000,1785188885597000000,47
writeAction.wait.ms,1785188862276000000,1785188885597000000,66
lexer.IgnoreLang.time.ns,1785188862276000000,1785188885597000000,1000078
lexer.Markdown.time.ns,1785188862276000000,1785188885597000000,423449343
lexer.Python.size.bytes,1785188862276000000,1785188885597000000,2722449
parser.Requirements.time.ns,1785188862276000000,1785188885597000000,896517
lexer.yaml.size.bytes,1785188862276000000,1785188885597000000,17807
lexer.Python.time.ns,1785188862276000000,1785188885597000000,7640251455
parser.Markdown.time.ns,1785188862276000000,1785188885597000000,670401819
parser.textmate.size.bytes,1785188862276000000,1785188885597000000,204038
parser.yaml.time.ns,1785188862276000000,1785188885597000000,18109293
lexer.TOML.size.bytes,1785188862276000000,1785188885597000000,22921
lexer.Requirements.time.ns,1785188862276000000,1785188885597000000,124612
parser.Python.size.bytes,1785188862276000000,1785188885597000000,2722449
parser.IgnoreLang.time.ns,1785188862276000000,1785188885597000000,3270620
DiskQueryRelay.tasksRequested,1785188862276000000,1785188885597000000,18420
parser.Python.time.ns,1785188862276000000,1785188885597000000,9307896212
lexer.yaml.time.ns,1785188862276000000,1785188885597000000,2553767
parser.HTML.time.ns,1785188862276000000,1785188885597000000,83933793
lexer.Markdown.size.bytes,1785188862276000000,1785188885597000000,553796
parser.Requirements.size.bytes,1785188862276000000,1785188885597000000,126
DiskQueryRelay.taskWaitingTotalTimeUs,1785188862276000000,1785188885597000000,4804854
writeAction.count,1785188862276000000,1785188885597000000,30
lexer.textmate.size.bytes,1785188862276000000,1785188885597000000,204038
parser.textmate.time.ns,1785188862276000000,1785188885597000000,818725
lexer.textmate.time.ns,1785188862276000000,1785188885597000000,189543
parser.JSON.size.bytes,1785188862276000000,1785188885597000000,37967
parser.TOML.size.bytes,1785188862276000000,1785188885597000000,22921
parser.JSON.time.ns,1785188862276000000,1785188885597000000,67
lexer.JSON.size.bytes,1785188862276000000,1785188885597000000,498113
parser.yaml.size.bytes,1785188862276000000,1785188885597000000,17807
parser.IgnoreLang.size.bytes,1785188862276000000,1785188885597000000,5296
parser.TOML.time.ns,1785188862276000000,1785188885597000000,28285318
lexer.TOML.time.ns,1785188862276000000,1785188885597000000,2525484
parser.HTML.size.bytes,1785188862276000000,1785188885597000000,300993
DiskQueryRelay.tasksExecuted,1785188862276000000,1785188885597000000,18420
writeAction.median.wait.ms,1785188862276000000,1785188885597000000,0
DiskQueryRelay.taskExecutionTotalTimeUs,1785188862276000000,1785188885597000000,3808735
lexer.IgnoreLang.size.bytes,1785188862276000000,1785188885597000000,5296
lexer.HTML.time.ns,1785188862276000000,1785188885597000000,122129909
parser.Markdown.size.bytes,1785188862276000000,1785188885597000000,553796
lexer.JSON.time.ns,1785188862276000000,1785188885597000000,54724030
lexer.HTML.size.bytes,1785188862276000000,1785188885597000000,300993
NonBlockingReadAction.finalizedExecutionTimeUs,1785188862276000000,1785188885597000000,53893
NonBlockingReadAction.finalizedExecutionsCount,1785188862276000000,1785188885597000000,21414
NonBlockingReadAction.failedExecutionsCount,1785188862276000000,1785188885597000000,3
NonBlockingReadAction.failedExecutionTimeUs,1785188862276000000,1785188885597000000,3410
AWTEventQueue.dispatchTimeTotalNS,1785188862276000000,1785188885597000000,725806909
